new_id,timestamp,location,price,loyaltynum
0,01/06/2014,Brew've Been Served,4.17,L2247
1,01/06/2014,Brew've Been Served,9.6,L9406
2,01/06/2014,Hallowed Grounds,16.53,L8328
3,01/06/2014,Coffee Shack,11.51,L6417
4,01/06/2014,Hallowed Grounds,12.93,L1107
5,01/06/2014,Brew've Been Served,4.27,L4034
6,01/06/2014,Brew've Been Served,11.2,L6110
7,01/06/2014,Brew've Been Served,15.39,L2343
8,01/06/2014,Abila Zacharo,26.93,L9018
9,01/06/2014,Hippokampos,34.03,L6267
10,01/06/2014,Kalami Kafenion,8.64,L4034
11,01/06/2014,Katerina�s Caf�,33.54,L6110
12,01/06/2014,Hippokampos,36.54,L1107
13,01/06/2014,Ouzeri Elian,20.74,L2247
14,01/06/2014,Kalami Kafenion,13.08,L6417
15,01/06/2014,Hippokampos,38.25,L2343
16,01/06/2014,Hippokampos,30.88,L9406
17,01/06/2014,Kalami Kafenion,27.4,L8328
18,01/06/2014,Katerina�s Caf�,38.65,L6110
19,01/06/2014,Katerina�s Caf�,26.46,L8328
20,01/06/2014,Frydos Autosupply n' More,80.85,L2343
21,01/06/2014,Frydos Autosupply n' More,175.87,L2247
22,01/06/2014,Katerina�s Caf�,28.0,L6267
23,01/06/2014,Hippokampos,24.41,L6417
24,01/06/2014,Frydos Autosupply n' More,89.3,L4034
25,01/06/2014,Katerina�s Caf�,26.51,L9406
26,01/07/2014,Brew've Been Served,12.74,L2247
27,01/07/2014,Hallowed Grounds,8.91,L8328
28,01/07/2014,Coffee Shack,16.63,L6417
29,01/07/2014,Brew've Been Served,4.39,L4034
30,01/07/2014,Brew've Been Served,11.91,L9406
31,01/07/2014,Hallowed Grounds,8.42,L1107
32,01/07/2014,Coffee Cameleon,12.44,L9018
33,01/07/2014,Brew've Been Served,17.4,L2343
34,01/07/2014,Hallowed Grounds,10.33,L6267
35,01/07/2014,Brew've Been Served,15.66,L6110
36,01/07/2014,Kalami Kafenion,11.64,L4034
37,01/07/2014,Ouzeri Elian,28.37,L9406
38,01/07/2014,Ouzeri Elian,17.71,L2247
39,01/07/2014,Abila Zacharo,32.4,L9018
40,01/07/2014,Gelatogalore,36.5,L1107
41,01/07/2014,Ouzeri Elian,21.85,L6110
42,01/07/2014,Katerina�s Caf�,37.44,L2343
43,01/07/2014,Gelatogalore,15.4,L6267
44,01/07/2014,Hippokampos,37.57,L8328
45,01/07/2014,Albert's Fine Clothing,78.91,L6417
46,01/07/2014,Katerina�s Caf�,31.6,L6110
47,01/07/2014,Katerina�s Caf�,25.02,L2343
48,01/07/2014,Guy's Gyros,23.12,L2247
49,01/07/2014,Katerina�s Caf�,25.54,L6267
50,01/07/2014,Ouzeri Elian,20.53,L1107
51,01/08/2014,Hallowed Grounds,5.85,L8328
52,01/08/2014,Brew've Been Served,3.09,L9406
53,01/08/2014,Hallowed Grounds,3.9,L1107
54,01/08/2014,Coffee Shack,13.13,L6417
55,01/08/2014,Brew've Been Served,14.88,L2247
56,01/08/2014,Brew've Been Served,8.4,L4034
57,01/08/2014,Brew've Been Served,3.92,L2343
58,01/08/2014,Hallowed Grounds,11.63,L6267
59,01/08/2014,Brew've Been Served,11.48,L6110
60,01/08/2014,Coffee Cameleon,16.17,L9018
61,01/08/2014,Abila Zacharo,22.13,L4034
62,01/08/2014,Gelatogalore,32.79,L6110
63,01/08/2014,Kalami Kafenion,18.18,L6267
64,01/08/2014,Kalami Kafenion,22.49,L2343
65,01/08/2014,Ouzeri Elian,24.92,L2247
66,01/08/2014,Abila Zacharo,28.25,L1107
67,01/08/2014,Gelatogalore,22.27,L9018
68,01/08/2014,Kalami Kafenion,34.98,L6417
69,01/08/2014,Gelatogalore,39.94,L9406
70,01/08/2014,Kalami Kafenion,31.43,L8328
71,01/08/2014,Katerina�s Caf�,34.25,L4034
72,01/08/2014,Katerina�s Caf�,13.83,L6110
73,01/08/2014,Frydos Autosupply n' More,214.07,L9018
74,01/08/2014,Frydos Autosupply n' More,268.89,L6267
75,01/08/2014,Hippokampos,16.75,L6417
76,01/08/2014,Katerina�s Caf�,16.93,L2343
77,01/09/2014,Hallowed Grounds,15.24,L8328
78,01/09/2014,Coffee Shack,5.01,L6417
79,01/09/2014,Brew've Been Served,18.25,L2343
80,01/09/2014,Hallowed Grounds,16.72,L6267
81,01/09/2014,Coffee Cameleon,4.88,L9018
82,01/09/2014,Hallowed Grounds,15.33,L1107
83,01/09/2014,Gelatogalore,19.2,L4034
84,01/09/2014,Hippokampos,27.47,L9018
85,01/09/2014,Gelatogalore,23.23,L6110
86,01/09/2014,Hippokampos,19.22,L2247
87,01/09/2014,Gelatogalore,24.68,L1107
88,01/09/2014,Kalami Kafenion,19.84,L9406
89,01/09/2014,Kalami Kafenion,10.94,L8328
90,01/09/2014,Kalami Kafenion,35.99,L6267
91,01/09/2014,Guy's Gyros,27.69,L2343
92,01/09/2014,Gelatogalore,36.75,L6417
93,01/09/2014,Katerina�s Caf�,35.92,L8328
94,01/09/2014,Katerina�s Caf�,26.6,L9406
95,01/09/2014,Katerina�s Caf�,30.97,L6267
96,01/09/2014,Katerina�s Caf�,29.82,L2343
97,01/09/2014,Albert's Fine Clothing,224.52,L6417
98,01/09/2014,Katerina�s Caf�,13.78,L4034
99,01/09/2014,Guy's Gyros,8.23,L2247
100,01/09/2014,Shoppers' Delight,258.43,L1107
101,01/10/2014,Hallowed Grounds,16.75,L8328
102,01/10/2014,Brew've Been Served,4.88,L9406
103,01/10/2014,Hallowed Grounds,17.63,L1107
104,01/10/2014,Coffee Cameleon,9.69,L9018
105,01/10/2014,Brew've Been Served,5.91,L2247
106,01/10/2014,Hallowed Grounds,9.34,L6267
107,01/10/2014,Brew've Been Served,14.36,L6110
108,01/10/2014,Katerina�s Caf�,21.22,L9018
109,01/10/2014,Abila Zacharo,31.34,L1107
110,01/10/2014,Kalami Kafenion,27.48,L4034
111,01/10/2014,Guy's Gyros,38.15,L6110
112,01/10/2014,Ouzeri Elian,24.74,L2247
113,01/10/2014,Guy's Gyros,16.34,L8328
114,01/10/2014,Abila Zacharo,9.32,L6267
115,01/10/2014,Gelatogalore,32.19,L2343
116,01/10/2014,Hippokampos,19.88,L6417
117,01/10/2014,Frydos Autosupply n' More,43.65,L2343
118,01/10/2014,Katerina�s Caf�,8.14,L6110
119,01/10/2014,Katerina�s Caf�,21.28,L4034
120,01/10/2014,Guy's Gyros,25.81,L2247
121,01/11/2014,Katerina�s Caf�,45.21,L9018
122,01/11/2014,Hippokampos,22.23,L6267
123,01/11/2014,Kalami Kafenion,35.66,L6417
124,01/11/2014,Shoppers' Delight,238.52,L9018
125,01/11/2014,General Grocer,78.02,L8328
126,01/11/2014,Katerina�s Caf�,20.71,L6267
127,01/11/2014,Guy's Gyros,36.2,L2247
128,01/11/2014,Katerina�s Caf�,25.76,L9406
129,01/11/2014,Katerina�s Caf�,52.45,L2343
130,01/11/2014,Frydos Autosupply n' More,236.25,L8328
131,01/11/2014,Hippokampos,69.8,L6417
132,01/11/2014,Katerina�s Caf�,94.68,L9018
133,01/12/2014,Ouzeri Elian,98.45,L4034
134,01/12/2014,Hippokampos,29.2,L6417
135,01/12/2014,Guy's Gyros,30.47,L8328
136,01/12/2014,Kronos Mart,147.3,L4034
137,01/12/2014,General Grocer,159.3,L6417
138,01/12/2014,Katerina�s Caf�,40.94,L4034
139,01/12/2014,Frydos Autosupply n' More,88.93,L2247
140,01/12/2014,Katerina�s Caf�,39.3,L8328
141,01/12/2014,Katerina�s Caf�,16.34,L6110
142,01/12/2014,Katerina�s Caf�,40.25,L9406
143,01/12/2014,Frydos Autosupply n' More,161.96,L2343
144,01/13/2014,Brew've Been Served,9.53,L9406
145,01/13/2014,Hallowed Grounds,6.32,L6267
146,01/13/2014,Brew've Been Served,13.37,L6110
147,01/13/2014,Coffee Cameleon,17.49,L9018
148,01/13/2014,Coffee Shack,4.09,L6417
149,01/13/2014,Hallowed Grounds,15.96,L1107
150,01/13/2014,Brew've Been Served,19.89,L2343
151,01/13/2014,Katerina�s Caf�,38.98,L9018
152,01/13/2014,Hippokampos,14.04,L4034
153,01/13/2014,Guy's Gyros,21.03,L6110
154,01/13/2014,Kalami Kafenion,20.33,L2247
155,01/13/2014,Gelatogalore,36.24,L2343
156,01/13/2014,Guy's Gyros,38.07,L6417
157,01/13/2014,Gelatogalore,37.17,L1107
158,01/13/2014,Hippokampos,26.96,L9406
159,01/13/2014,Guy's Gyros,36.87,L8328
160,01/13/2014,Frydos Autosupply n' More,188.57,L8328
161,01/13/2014,Frydos Autosupply n' More,64.6,L6110
162,01/13/2014,Ouzeri Elian,21.83,L1107
163,01/13/2014,Katerina�s Caf�,33.57,L4034
164,01/13/2014,Guy's Gyros,19.77,L2247
165,01/13/2014,Hippokampos,32.29,L6417
166,01/13/2014,Frydos Autosupply n' More,202.05,L9018
167,01/14/2014,Brew've Been Served,14.67,L2247
168,01/14/2014,Hallowed Grounds,16.67,L8328
169,01/14/2014,Brew've Been Served,14.04,L9406
170,01/14/2014,Brew've Been Served,9.53,L2343
171,01/14/2014,Coffee Cameleon,11.67,L9018
172,01/14/2014,Hallowed Grounds,10.65,L1107
173,01/14/2014,Brew've Been Served,16.39,L4034
174,01/14/2014,Coffee Shack,3.63,L6417
175,01/14/2014,Hallowed Grounds,6.16,L6267
176,01/14/2014,Brew've Been Served,11.53,L6110
177,01/14/2014,Abila Zacharo,31.09,L6110
178,01/14/2014,Kalami Kafenion,33.13,L4034
179,01/14/2014,Katerina�s Caf�,11.26,L9018
180,01/14/2014,Katerina�s Caf�,31.69,L6267
181,01/14/2014,Ouzeri Elian,33.67,L1107
182,01/14/2014,Kalami Kafenion,27.65,L9406
183,01/14/2014,Gelatogalore,35.97,L2247
184,01/14/2014,Ouzeri Elian,19.7,L6417
185,01/14/2014,Gelatogalore,22.03,L8328
186,01/14/2014,Hippokampos,16.73,L2343
187,01/14/2014,Guy's Gyros,35.12,L2247
188,01/14/2014,Katerina�s Caf�,31.94,L4034
189,01/14/2014,Katerina�s Caf�,26.61,L2343
190,01/14/2014,Ouzeri Elian,20.95,L1107
191,01/14/2014,Katerina�s Caf�,25.4,L6110
192,01/14/2014,Katerina�s Caf�,28.05,L6267
193,01/14/2014,Frydos Autosupply n' More,49.21,L9406
194,01/15/2014,Hallowed Grounds,18.69,L6267
195,01/15/2014,Brew've Been Served,3.14,L9406
196,01/15/2014,Brew've Been Served,8.42,L2247
197,01/15/2014,Brew've Been Served,5.75,L6110
198,01/15/2014,Coffee Shack,18.17,L6417
199,01/15/2014,Coffee Cameleon,16.31,L9018
200,01/15/2014,Hallowed Grounds,14.39,L1107
201,01/15/2014,Brew've Been Served,3.47,L2343
202,01/15/2014,Katerina�s Caf�,28.56,L9018
203,01/15/2014,Kalami Kafenion,38.5,L4034
204,01/15/2014,Ouzeri Elian,25.7,L2247
205,01/15/2014,Kalami Kafenion,37.15,L6110
206,01/15/2014,Guy's Gyros,12.19,L6267
207,01/15/2014,Gelatogalore,24.96,L6417
208,01/15/2014,Ouzeri Elian,26.61,L8328
209,01/15/2014,Guy's Gyros,16.58,L2343
210,01/15/2014,Gelatogalore,22.36,L1107
211,01/15/2014,Abila Zacharo,26.82,L9406
212,01/15/2014,Katerina�s Caf�,36.8,L6267
213,01/15/2014,Guy's Gyros,24.91,L2247
214,01/15/2014,Katerina�s Caf�,38.81,L4034
215,01/15/2014,Katerina�s Caf�,29.33,L6110
216,01/15/2014,Katerina�s Caf�,29.66,L9018
217,01/15/2014,Katerina�s Caf�,21.61,L2343
218,01/15/2014,Albert's Fine Clothing,228.15,L6417
219,01/15/2014,Frydos Autosupply n' More,276.88,L9406
220,01/15/2014,Ouzeri Elian,8.57,L1107
221,01/16/2014,Brew've Been Served,5.05,L2247
222,01/16/2014,Hallowed Grounds,17.92,L8328
223,01/16/2014,Coffee Shack,10.48,L6417
224,01/16/2014,Brew've Been Served,3.84,L9406
225,01/16/2014,Coffee Cameleon,3.14,L9018
226,01/16/2014,Hallowed Grounds,18.23,L6267
227,01/16/2014,Hallowed Grounds,4.6,L1107
228,01/16/2014,Brew've Been Served,11.21,L6110
229,01/16/2014,Katerina�s Caf�,39.74,L4034
230,01/16/2014,Hippokampos,13.05,L6267
231,01/16/2014,Abila Zacharo,24.38,L9406
232,01/16/2014,Katerina�s Caf�,38.32,L2247
233,01/16/2014,Kalami Kafenion,9.27,L2343
234,01/16/2014,Ouzeri Elian,8.52,L9018
235,01/16/2014,Ouzeri Elian,8.47,L6417
236,01/16/2014,Ouzeri Elian,31.21,L1107
237,01/16/2014,Guy's Gyros,36.48,L8328
238,01/16/2014,Octavio's Office Supplies,131.01,L2247
239,01/16/2014,Katerina�s Caf�,13.68,L6110
240,01/16/2014,Katerina�s Caf�,29.3,L4034
241,01/16/2014,Albert's Fine Clothing,283.38,L6417
242,01/16/2014,Katerina�s Caf�,18.79,L8328
243,01/16/2014,Ouzeri Elian,22.65,L1107
244,01/16/2014,Katerina�s Caf�,35.43,L9018
245,01/16/2014,Katerina�s Caf�,30.56,L2343
246,01/16/2014,Frydos Autosupply n' More,130.01,L9406
247,01/17/2014,Brew've Been Served,11.69,L2247
248,01/17/2014,Brew've Been Served,8.07,L9406
249,01/17/2014,Coffee Shack,19.16,L6417
250,01/17/2014,Hallowed Grounds,5.52,L6267
251,01/17/2014,Coffee Cameleon,7.49,L9018
252,01/17/2014,Brew've Been Served,18.15,L4034
253,01/17/2014,Brew've Been Served,14.58,L6110
254,01/17/2014,Hippokampos,38.21,L9018
255,01/17/2014,Gelatogalore,18.1,L1107
256,01/17/2014,Hippokampos,23.54,L6267
257,01/17/2014,Kalami Kafenion,24.21,L6110
258,01/17/2014,Guy's Gyros,15.12,L2343
259,01/17/2014,Guy's Gyros,21.1,L6417
260,01/17/2014,Abila Zacharo,11.95,L2247
261,01/17/2014,Katerina�s Caf�,30.72,L9406
262,01/17/2014,Ouzeri Elian,26.1,L8328
263,01/17/2014,Katerina�s Caf�,21.16,L9018
264,01/17/2014,Hippokampos,19.76,L6417
265,01/17/2014,Frydos Autosupply n' More,124.52,L9406
266,01/17/2014,Katerina�s Caf�,14.93,L8328
267,01/17/2014,Katerina�s Caf�,36.12,L2343
268,01/17/2014,Ouzeri Elian,26.4,L1107
269,01/17/2014,Katerina�s Caf�,33.73,L4034
270,01/17/2014,Frydos Autosupply n' More,67.29,L2247
271,01/18/2014,Katerina�s Caf�,34.54,L6267
272,01/18/2014,Kalami Kafenion,30.12,L2247
273,01/18/2014,Kalami Kafenion,42.73,L2343
274,01/18/2014,Gelatogalore,24.38,L1107
275,01/18/2014,Katerina�s Caf�,37.26,L6110
276,01/18/2014,Frydos Autosupply n' More,103.41,L2247
277,01/18/2014,Albert's Fine Clothing,189.52,L6267
278,01/18/2014,Frydos Autosupply n' More,234.53,L4034
279,01/18/2014,Guy's Gyros,28.07,L2247
280,01/18/2014,Ouzeri Elian,14.9,L1107
281,01/18/2014,Katerina�s Caf�,32.68,L9018
282,01/18/2014,Katerina�s Caf�,45.88,L6110
283,01/18/2014,Hippokampos,55.03,L6417
284,01/06/2014,Albert's Fine Clothing,276.9,L5777
285,01/06/2014,Hallowed Grounds,8.05,L5777
286,01/06/2014,Bean There Done That,10.28,L7783
287,01/06/2014,Guy's Gyros,15.44,L7783
288,01/06/2014,Hippokampos,21.33,L7783
289,01/06/2014,Bean There Done That,16.09,L3191
290,01/06/2014,Guy's Gyros,30.82,L3191
291,01/06/2014,Abila Zacharo,30.08,L4164
292,01/06/2014,Brewed Awakenings,5.72,L4164
293,01/06/2014,Hippokampos,17.27,L4164
294,01/06/2014,Jack's Magical Beans,11.03,L6267
295,01/06/2014,Katerina�s Caf�,18.56,L6267
296,01/06/2014,Coffee Cameleon,8.73,L1682
297,01/06/2014,Gelatogalore,12.74,L1682
298,01/06/2014,Katerina�s Caf�,23.63,L1682
299,01/06/2014,Brew've Been Served,18.24,L1485
300,01/06/2014,Katerina�s Caf�,39.41,L1485
301,01/06/2014,Brewed Awakenings,16.89,L5947
302,01/06/2014,Ouzeri Elian,38.9,L5947
303,01/06/2014,Gelatogalore,22.64,L6119
304,01/06/2014,Bean There Done That,8.54,L3014
305,01/06/2014,Hippokampos,8.64,L3014
306,01/06/2014,Hippokampos,26.8,L3014
307,01/06/2014,Brewed Awakenings,4.35,L2070
308,01/06/2014,Hippokampos,20.61,L2070
309,01/06/2014,Bean There Done That,5.24,L4149
310,01/06/2014,Hippokampos,35.34,L4149
311,01/06/2014,Abila Zacharo,18.11,L6544
312,01/06/2014,Guy's Gyros,15.29,L6544
313,01/06/2014,Hallowed Grounds,12.22,L6544
314,01/06/2014,Hallowed Grounds,10.07,L4424
315,01/06/2014,Katerina�s Caf�,13.59,L4424
316,01/06/2014,Katerina�s Caf�,12.32,L4424
317,01/06/2014,Brew've Been Served,8.88,L5259
318,01/06/2014,Gelatogalore,23.41,L5259
319,01/06/2014,Guy's Gyros,28.94,L5259
320,01/06/2014,Brew've Been Served,4.24,L3800
321,01/06/2014,Guy's Gyros,16.92,L3800
322,01/06/2014,Guy's Gyros,39.29,L3800
323,01/06/2014,Hallowed Grounds,16.72,L5553
324,01/06/2014,Katerina�s Caf�,32.64,L5553
325,01/06/2014,Bean There Done That,4.27,L3366
326,01/06/2014,Hippokampos,25.5,L3366
327,01/06/2014,Ouzeri Elian,20.4,L3366
328,01/06/2014,Brew've Been Served,8.33,L8148
329,01/06/2014,Guy's Gyros,37.82,L8148
330,01/06/2014,Ouzeri Elian,20.56,L8148
331,01/06/2014,Carlyle Chemical Inc.,3959.66,L4063
332,01/06/2014,Abila Airport,4540.08,L4063
333,01/06/2014,Abila Airport,777.06,L4063
334,01/06/2014,Kronos Pipe and Irrigation,242.21,L4063
335,01/06/2014,Maximum Iron and Steel,2859.51,L4063
336,01/06/2014,Ouzeri Elian,16.84,L4063
337,01/06/2014,Brew've Been Served,14.97,L3572
338,01/06/2014,Brew've Been Served,3.67,L2490
339,01/06/2014,Guy's Gyros,22.57,L2490
340,01/06/2014,Kalami Kafenion,30.1,L2490
341,01/06/2014,U-Pump,59.51,L2490
342,01/06/2014,Abila Airport,612.47,L2769
343,01/06/2014,Albert's Fine Clothing,121.76,L2169
344,01/06/2014,Brew've Been Served,15.58,L2169
345,01/06/2014,Kalami Kafenion,22.31,L2169
346,01/06/2014,Nationwide Refinery,761.64,L9633
347,01/06/2014,Stewart and Sons Fabrication,2144.62,L9633
348,01/06/2014,Coffee Cameleon,11.86,L9637
349,01/06/2014,Frydos Autosupply n' More,197.32,L9637
350,01/06/2014,Frydos Autosupply n' More,274.98,L8012
351,01/06/2014,Guy's Gyros,11.22,L8012
352,01/06/2014,Abila Zacharo,50.14,L3288
353,01/06/2014,Frydos Autosupply n' More,253.87,L3288
354,01/06/2014,Jack's Magical Beans,18.59,L3288
355,01/06/2014,Gelatogalore,36.33,L7814
356,01/06/2014,Hallowed Grounds,10.66,L7814
357,01/06/2014,Katerina�s Caf�,26.1,L7814
358,01/06/2014,Abila Zacharo,23.15,L3259
359,01/06/2014,Brew've Been Served,12.83,L3259
360,01/06/2014,Katerina�s Caf�,17.92,L3259
361,01/06/2014,Coffee Cameleon,8.39,L3295
362,01/06/2014,Katerina�s Caf�,15.52,L3295
363,01/06/2014,Ouzeri Elian,30.87,L3295
364,01/06/2014,Brew've Been Served,5.66,L9363
365,01/06/2014,Guy's Gyros,11.94,L9363
366,01/06/2014,Katerina�s Caf�,19.65,L9363
367,01/06/2014,Jack's Magical Beans,7.84,L5224
368,01/06/2014,Brew've Been Served,16.9,L7291
369,01/06/2014,Ouzeri Elian,34.71,L7291
370,01/06/2014,Brew've Been Served,11.34,L8566
371,01/06/2014,Hippokampos,13.26,L8566
372,01/06/2014,Abila Zacharo,12.05,L9254
373,01/06/2014,Brew've Been Served,10.68,L9254
374,01/06/2014,Shoppers' Delight,293.67,L9254
375,01/06/2014,Guy's Gyros,19.67,L6886
376,01/06/2014,Jack's Magical Beans,18.1,L6886
377,01/07/2014,Gelatogalore,21.52,L5777
378,01/07/2014,Hallowed Grounds,4.44,L5777
379,01/07/2014,Ouzeri Elian,25.27,L5777
380,01/07/2014,Abila Zacharo,13.52,L7783
381,01/07/2014,Bean There Done That,11.25,L7783
382,01/07/2014,Hippokampos,11.56,L7783
383,01/07/2014,Guy's Gyros,10.11,L3191
384,01/07/2014,Abila Zacharo,12.72,L4164
385,01/07/2014,Hippokampos,15.85,L4164
386,01/07/2014,Abila Zacharo,22.25,L6267
387,01/07/2014,Jack's Magical Beans,3.68,L6267
388,01/07/2014,Coffee Cameleon,7.66,L1682
389,01/07/2014,Gelatogalore,34.04,L1682
390,01/07/2014,Katerina�s Caf�,19.49,L1682
391,01/07/2014,Brewed Awakenings,4.84,L1485
392,01/07/2014,Guy's Gyros,22.33,L1485
393,01/07/2014,Hippokampos,31.69,L1485
394,01/07/2014,Brewed Awakenings,11.59,L5947
395,01/07/2014,Guy's Gyros,34.09,L5947
396,01/07/2014,Hippokampos,21.2,L5947
397,01/07/2014,Hallowed Grounds,14.05,L6119
398,01/07/2014,Katerina�s Caf�,22.27,L6119
399,01/07/2014,Katerina�s Caf�,14.75,L6119
400,01/07/2014,Bean There Done That,13.89,L3014
401,01/07/2014,Hippokampos,20.17,L3014
402,01/07/2014,Kalami Kafenion,22.83,L3014
403,01/07/2014,Brewed Awakenings,6.72,L2070
404,01/07/2014,Gelatogalore,35.06,L2070
405,01/07/2014,Hippokampos,22.18,L2070
406,01/07/2014,Bean There Done That,8.03,L4149
407,01/07/2014,Hippokampos,10.19,L4149
408,01/07/2014,Hallowed Grounds,18.97,L6544
409,01/07/2014,Kalami Kafenion,22.14,L6544
410,01/07/2014,Gelatogalore,31.77,L4424
411,01/07/2014,Abila Zacharo,25.9,L5259
412,01/07/2014,Guy's Gyros,14.87,L5259
413,01/07/2014,Brew've Been Served,5.08,L3800
414,01/07/2014,Guy's Gyros,22.25,L3800
415,01/07/2014,Kalami Kafenion,25.9,L3800
416,01/07/2014,Guy's Gyros,12.57,L5553
417,01/07/2014,Hallowed Grounds,9.92,L5553
418,01/07/2014,Katerina�s Caf�,17.26,L5553
419,01/07/2014,Albert's Fine Clothing,228.36,L3366
420,01/07/2014,Bean There Done That,6.25,L3366
421,01/07/2014,Ouzeri Elian,24.84,L3366
422,01/07/2014,Guy's Gyros,11.31,L8148
423,01/07/2014,Abila Airport,3840.37,L7761
424,01/07/2014,Stewart and Sons Fabrication,1200.9,L7761
425,01/07/2014,Brew've Been Served,11.92,L3572
426,01/07/2014,Brew've Been Served,9.06,L2490
427,01/07/2014,Guy's Gyros,31.23,L2490
428,01/07/2014,Katerina�s Caf�,31.41,L2490
429,01/07/2014,Abila Airport,124.89,L2769
430,01/07/2014,Abila Airport,3411.29,L2769
431,01/07/2014,Brew've Been Served,3.0,L2169
432,01/07/2014,Katerina�s Caf�,10.9,L2169
433,01/07/2014,Carlyle Chemical Inc.,3827.2,L5756
434,01/07/2014,Katerina�s Caf�,19.07,L5756
435,01/07/2014,Nationwide Refinery,1562.66,L5756
436,01/07/2014,Nationwide Refinery,1347.36,L9633
437,01/07/2014,Stewart and Sons Fabrication,1783.33,L9633
438,01/07/2014,Kronos Pipe and Irrigation,3920.82,L8477
439,01/07/2014,Maximum Iron and Steel,3207.31,L8477
440,01/07/2014,Coffee Cameleon,11.55,L9637
441,01/07/2014,Katerina�s Caf�,10.07,L9637
442,01/07/2014,Ouzeri Elian,29.1,L9637
443,01/07/2014,Hallowed Grounds,7.88,L8012
444,01/07/2014,Katerina�s Caf�,18.35,L8012
445,01/07/2014,Jack's Magical Beans,18.77,L3288
446,01/07/2014,Kalami Kafenion,45.05,L3288
447,01/07/2014,Ouzeri Elian,11.41,L3288
448,01/07/2014,Hallowed Grounds,9.61,L7814
449,01/07/2014,Hippokampos,16.11,L7814
450,01/07/2014,Katerina�s Caf�,32.83,L7814
451,01/07/2014,Brew've Been Served,14.49,L3259
452,01/07/2014,Gelatogalore,17.21,L3259
453,01/07/2014,Katerina�s Caf�,33.29,L3259
454,01/07/2014,Coffee Cameleon,9.1,L3295
455,01/07/2014,Gelatogalore,8.97,L3295
456,01/07/2014,Katerina�s Caf�,19.53,L3295
457,01/07/2014,Brew've Been Served,7.74,L9363
458,01/07/2014,Frydos Autosupply n' More,272.73,L9363
459,01/07/2014,Ouzeri Elian,19.51,L9363
460,01/07/2014,Abila Scrapyard,2149.28,L3317
461,01/07/2014,Abila Airport,1641.96,L3317
462,01/07/2014,Nationwide Refinery,889.58,L3317
463,01/07/2014,Guy's Gyros,29.57,L5224
464,01/07/2014,Jack's Magical Beans,19.61,L5224
465,01/07/2014,Abila Zacharo,17.81,L7291
466,01/07/2014,Brew've Been Served,18.53,L7291
467,01/07/2014,Kalami Kafenion,18.06,L8566
468,01/07/2014,Brewed Awakenings,12.59,L9254
469,01/07/2014,Guy's Gyros,38.56,L9254
470,01/07/2014,Guy's Gyros,9.76,L9254
471,01/07/2014,Gelatogalore,8.98,L6886
472,01/07/2014,Hippokampos,37.88,L6886
473,01/07/2014,Jack's Magical Beans,9.84,L6886
474,01/08/2014,Hippokampos,39.8,L5777
475,01/08/2014,Ouzeri Elian,10.81,L5777
476,01/08/2014,Abila Zacharo,14.41,L7783
477,01/08/2014,Bean There Done That,17.45,L7783
478,01/08/2014,Hippokampos,10.52,L7783
479,01/08/2014,Albert's Fine Clothing,136.01,L3191
480,01/08/2014,Bean There Done That,12.07,L3191
481,01/08/2014,Hippokampos,28.79,L3191
482,01/08/2014,Brewed Awakenings,11.73,L4164
483,01/08/2014,Hippokampos,26.31,L4164
484,01/08/2014,Ouzeri Elian,32.61,L4164
485,01/08/2014,Jack's Magical Beans,3.96,L6267
486,01/08/2014,Katerina�s Caf�,8.53,L6267
487,01/08/2014,Ouzeri Elian,29.85,L6267
488,01/08/2014,Coffee Cameleon,6.59,L1682
489,01/08/2014,Hippokampos,16.59,L1682
490,01/08/2014,Katerina�s Caf�,19.12,L1682
491,01/08/2014,Brew've Been Served,12.92,L1485
492,01/08/2014,Frank's Fuel,65.34,L1485
493,01/08/2014,Frydos Autosupply n' More,182.56,L1485
494,01/08/2014,Guy's Gyros,17.9,L1485
495,01/08/2014,Brewed Awakenings,12.32,L5947
496,01/08/2014,Chostus Hotel,107.51,L5947
497,01/08/2014,Hippokampos,16.54,L5947
498,01/08/2014,Gelatogalore,35.29,L6119
499,01/08/2014,Hallowed Grounds,19.92,L6119
500,01/08/2014,Katerina�s Caf�,36.6,L6119
501,01/08/2014,Hippokampos,12.62,L3014
502,01/08/2014,Hippokampos,26.55,L2070
503,01/08/2014,Hippokampos,15.64,L2070
504,01/08/2014,Bean There Done That,14.96,L4149
505,01/08/2014,Hippokampos,37.89,L4149
506,01/08/2014,General Grocer,265.84,L6544
507,01/08/2014,Guy's Gyros,15.86,L4424
508,01/08/2014,Hallowed Grounds,8.15,L4424
509,01/08/2014,Katerina�s Caf�,27.87,L4424
510,01/08/2014,Brew've Been Served,17.13,L5259
511,01/08/2014,Gelatogalore,36.72,L5259
512,01/08/2014,Brew've Been Served,3.42,L3800
513,01/08/2014,Guy's Gyros,30.12,L3800
514,01/08/2014,Guy's Gyros,28.81,L3800
515,01/08/2014,Abila Zacharo,16.2,L5553
516,01/08/2014,Hallowed Grounds,3.4,L5553
517,01/08/2014,Bean There Done That,16.18,L3366
518,01/08/2014,Hippokampos,32.66,L3366
519,01/08/2014,Katerina�s Caf�,37.04,L3366
520,01/08/2014,Brew've Been Served,8.27,L8148
521,01/08/2014,Kalami Kafenion,14.77,L8148
522,01/08/2014,Brew've Been Served,7.26,L3572
523,01/08/2014,Brew've Been Served,11.87,L2490
524,01/08/2014,Gelatogalore,39.75,L2490
525,01/08/2014,Guy's Gyros,19.08,L2490
526,01/08/2014,Abila Airport,2723.18,L2769
527,01/08/2014,Abila Airport,2769.12,L2769
528,01/08/2014,Brew've Been Served,6.3,L2169
529,01/08/2014,Guy's Gyros,10.34,L2169
530,01/08/2014,Guy's Gyros,30.48,L2169
531,01/08/2014,Nationwide Refinery,4513.16,L5485
532,01/08/2014,Stewart and Sons Fabrication,1738.26,L5485
533,01/08/2014,Carlyle Chemical Inc.,4901.88,L5756
534,01/08/2014,Katerina�s Caf�,29.26,L5756
535,01/08/2014,Nationwide Refinery,4367.43,L5756
536,01/08/2014,Nationwide Refinery,3674.32,L9633
537,01/08/2014,Stewart and Sons Fabrication,1673.77,L9633
538,01/08/2014,Carlyle Chemical Inc.,4983.52,L8477
539,01/08/2014,Kronos Pipe and Irrigation,3615.61,L8477
540,01/08/2014,Maximum Iron and Steel,3136.01,L8477
541,01/08/2014,Coffee Cameleon,15.71,L9637
542,01/08/2014,Katerina�s Caf�,26.45,L9637
543,01/08/2014,Katerina�s Caf�,33.31,L9637
544,01/08/2014,Katerina�s Caf�,31.59,L8012
545,01/08/2014,Gelatogalore,50.36,L3288
546,01/08/2014,Jack's Magical Beans,18.78,L3288
547,01/08/2014,Ouzeri Elian,62.2,L3288
548,01/08/2014,Hallowed Grounds,3.11,L7814
549,01/08/2014,Kalami Kafenion,23.82,L7814
550,01/08/2014,Brew've Been Served,13.68,L3259
551,01/08/2014,Gelatogalore,20.72,L3259
552,01/08/2014,Coffee Cameleon,12.26,L3295
553,01/08/2014,Kalami Kafenion,24.08,L3295
554,01/08/2014,Katerina�s Caf�,32.83,L3295
555,01/08/2014,Abila Zacharo,30.85,L9363
556,01/08/2014,Brew've Been Served,10.15,L9363
557,01/08/2014,Jack's Magical Beans,12.37,L5224
558,01/08/2014,Ouzeri Elian,29.73,L5224
559,01/08/2014,Brew've Been Served,19.17,L7291
560,01/08/2014,Chostus Hotel,111.89,L7291
561,01/08/2014,Guy's Gyros,18.24,L7291
562,01/08/2014,Brew've Been Served,12.3,L8566
563,01/08/2014,Hippokampos,9.03,L8566
564,01/08/2014,Brew've Been Served,15.66,L9254
565,01/08/2014,Guy's Gyros,15.69,L9254
566,01/08/2014,Kalami Kafenion,31.96,L9254
567,01/08/2014,Abila Zacharo,36.85,L6886
568,01/08/2014,Hippokampos,18.99,L6886
569,01/08/2014,Jack's Magical Beans,11.25,L6886
570,01/09/2014,Abila Zacharo,29.41,L5777
571,01/09/2014,Hallowed Grounds,14.45,L5777
572,01/09/2014,Bean There Done That,13.0,L7783
573,01/09/2014,Guy's Gyros,14.91,L7783
574,01/09/2014,Hippokampos,8.43,L3191
575,01/09/2014,Hippokampos,10.12,L3191
576,01/09/2014,Kronos Mart,203.91,L4164
577,01/09/2014,Ouzeri Elian,26.09,L4164
578,01/09/2014,Gelatogalore,8.6,L6267
579,01/09/2014,Jack's Magical Beans,10.11,L6267
580,01/09/2014,Katerina�s Caf�,17.02,L1682
581,01/09/2014,Frydos Autosupply n' More,276.75,L1485
582,01/09/2014,Jack's Magical Beans,6.0,L1485
583,01/09/2014,Katerina�s Caf�,10.42,L1485
584,01/09/2014,Brewed Awakenings,13.16,L5947
585,01/09/2014,Gelatogalore,16.74,L5947
586,01/09/2014,Hippokampos,15.02,L5947
587,01/09/2014,Guy's Gyros,13.59,L6119
588,01/09/2014,Guy's Gyros,8.23,L6119
589,01/09/2014,Bean There Done That,4.06,L3014
590,01/09/2014,Katerina�s Caf�,8.01,L3014
591,01/09/2014,Albert's Fine Clothing,229.98,L2070
592,01/09/2014,Brewed Awakenings,17.66,L2070
593,01/09/2014,Frydos Autosupply n' More,60.65,L4149
594,01/09/2014,Hippokampos,9.12,L4149
595,01/09/2014,Hallowed Grounds,16.77,L6544
596,01/09/2014,Ouzeri Elian,32.89,L6544
597,01/09/2014,Abila Zacharo,20.73,L4424
598,01/09/2014,Hallowed Grounds,17.84,L4424
599,01/09/2014,Abila Zacharo,14.37,L5259
600,01/09/2014,Brew've Been Served,5.3,L3800
601,01/09/2014,Guy's Gyros,35.05,L3800
602,01/09/2014,Kalami Kafenion,18.14,L3800
603,01/09/2014,Guy's Gyros,15.0,L5553
604,01/09/2014,Hallowed Grounds,18.48,L5553
605,01/09/2014,Katerina�s Caf�,26.0,L5553
606,01/09/2014,Bean There Done That,4.05,L3366
607,01/09/2014,Hippokampos,24.96,L3366
608,01/09/2014,Kalami Kafenion,30.76,L3366
609,01/09/2014,Brew've Been Served,15.82,L8148
610,01/09/2014,Guy's Gyros,29.96,L8148
611,01/09/2014,Ouzeri Elian,22.4,L8148
612,01/09/2014,Abila Airport,2358.22,L7761
613,01/09/2014,Nationwide Refinery,1420.39,L7761
614,01/09/2014,Stewart and Sons Fabrication,1015.65,L7761
615,01/09/2014,Brew've Been Served,17.64,L3572
616,01/09/2014,Guy's Gyros,18.26,L3572
617,01/09/2014,Abila Zacharo,8.16,L2490
618,01/09/2014,Brew've Been Served,12.12,L2490
619,01/09/2014,Frydos Autosupply n' More,138.02,L2490
620,01/09/2014,Abila Airport,182.93,L2769
621,01/09/2014,Abila Airport,4538.52,L2769
622,01/09/2014,Brew've Been Served,6.21,L2169
623,01/09/2014,Guy's Gyros,31.31,L2169
624,01/09/2014,Hippokampos,25.7,L2169
625,01/09/2014,Carlyle Chemical Inc.,529.47,L5756
626,01/09/2014,Carlyle Chemical Inc.,382.43,L5756
627,01/09/2014,Carlyle Chemical Inc.,2176.2,L5756
628,01/09/2014,Katerina�s Caf�,16.98,L5756
629,01/09/2014,Nationwide Refinery,289.3,L5756
630,01/09/2014,Nationwide Refinery,674.28,L9633
631,01/09/2014,Stewart and Sons Fabrication,3544.0,L9633
632,01/09/2014,Carlyle Chemical Inc.,732.82,L8477
633,01/09/2014,Kronos Pipe and Irrigation,423.14,L8477
634,01/09/2014,Maximum Iron and Steel,1527.14,L8477
635,01/09/2014,Coffee Cameleon,16.13,L9637
636,01/09/2014,Hallowed Grounds,17.56,L8012
637,01/09/2014,Hippokampos,13.84,L8012
638,01/09/2014,Katerina�s Caf�,8.57,L8012
639,01/09/2014,Abila Zacharo,48.39,L3288
640,01/09/2014,Katerina�s Caf�,19.02,L7814
641,01/09/2014,Gelatogalore,11.94,L3259
642,01/09/2014,Hallowed Grounds,10.25,L3259
643,01/09/2014,Coffee Cameleon,19.99,L3295
644,01/09/2014,Guy's Gyros,17.44,L3295
645,01/09/2014,Katerina�s Caf�,26.6,L3295
646,01/09/2014,Brew've Been Served,19.47,L9363
647,01/09/2014,Abila Scrapyard,1158.36,L3317
648,01/09/2014,Abila Airport,4792.5,L3317
649,01/09/2014,Nationwide Refinery,1322.5,L3317
650,01/09/2014,Stewart and Sons Fabrication,918.6,L3317
651,01/09/2014,Hippokampos,23.66,L5224
652,01/09/2014,Katerina�s Caf�,25.85,L5224
653,01/09/2014,Brew've Been Served,10.71,L7291
654,01/09/2014,Hippokampos,27.93,L7291
655,01/09/2014,Brew've Been Served,5.13,L8566
656,01/09/2014,Gelatogalore,23.45,L8566
657,01/09/2014,General Grocer,285.34,L8566
658,01/09/2014,Brew've Been Served,14.85,L9254
659,01/09/2014,Guy's Gyros,25.4,L9254
660,01/09/2014,Guy's Gyros,31.81,L9254
661,01/09/2014,Abila Zacharo,8.6,L6886
662,01/09/2014,Hippokampos,9.13,L6886
663,01/09/2014,Jack's Magical Beans,17.43,L6886
664,01/10/2014,Hallowed Grounds,6.87,L5777
665,01/10/2014,Bean There Done That,15.39,L7783
666,01/10/2014,Gelatogalore,26.15,L7783
667,01/10/2014,Hippokampos,28.22,L7783
668,01/10/2014,Bean There Done That,3.92,L3191
669,01/10/2014,Guy's Gyros,31.5,L3191
670,01/10/2014,Brewed Awakenings,13.82,L4164
671,01/10/2014,Hippokampos,10.48,L4164
672,01/10/2014,Katerina�s Caf�,34.76,L4164
673,01/10/2014,Abila Zacharo,33.33,L6267
674,01/10/2014,Jack's Magical Beans,15.69,L6267
675,01/10/2014,Ouzeri Elian,19.92,L6267
676,01/10/2014,Coffee Cameleon,8.51,L1682
677,01/10/2014,Guy's Gyros,15.93,L1682
678,01/10/2014,Octavio's Office Supplies,64.51,L1682
679,01/10/2014,Brew've Been Served,14.45,L1485
680,01/10/2014,Ouzeri Elian,35.24,L1485
681,01/10/2014,Brewed Awakenings,6.17,L5947
682,01/10/2014,Hallowed Grounds,10.34,L6119
683,01/10/2014,Ouzeri Elian,25.98,L6119
684,01/10/2014,Bean There Done That,13.41,L3014
685,01/10/2014,Ouzeri Elian,15.25,L3014
686,01/10/2014,Brewed Awakenings,13.9,L2070
687,01/10/2014,Hippokampos,30.63,L2070
688,01/10/2014,Hippokampos,17.21,L2070
689,01/10/2014,Bean There Done That,18.67,L4149
690,01/10/2014,Guy's Gyros,31.05,L4149
691,01/10/2014,Hallowed Grounds,10.76,L6544
692,01/10/2014,Katerina�s Caf�,37.62,L6544
693,01/10/2014,Abila Zacharo,8.22,L4424
694,01/10/2014,Hallowed Grounds,12.03,L4424
695,01/10/2014,Abila Zacharo,36.38,L5259
696,01/10/2014,Brew've Been Served,3.03,L5259
697,01/10/2014,Shoppers' Delight,279.53,L5259
698,01/10/2014,Brew've Been Served,3.44,L3800
699,01/10/2014,Frydos Autosupply n' More,217.08,L3800
700,01/10/2014,Guy's Gyros,26.68,L3800
701,01/10/2014,Hallowed Grounds,8.34,L5553
702,01/10/2014,Ouzeri Elian,30.93,L5553
703,01/10/2014,Albert's Fine Clothing,126.13,L3366
704,01/10/2014,Bean There Done That,9.3,L3366
705,01/10/2014,Katerina�s Caf�,25.62,L3366
706,01/10/2014,Brew've Been Served,15.85,L8148
707,01/10/2014,Guy's Gyros,26.76,L8148
708,01/10/2014,Guy's Gyros,23.61,L8148
709,01/10/2014,Carlyle Chemical Inc.,227.81,L5924
710,01/10/2014,Nationwide Refinery,2262.73,L5924
711,01/10/2014,Stewart and Sons Fabrication,4195.49,L5924
712,01/10/2014,Brew've Been Served,5.89,L3572
713,01/10/2014,Brew've Been Served,5.01,L2490
714,01/10/2014,Kalami Kafenion,35.69,L2490
715,01/10/2014,Brew've Been Served,12.64,L2169
716,01/10/2014,General Grocer,227.28,L2169
717,01/10/2014,Kalami Kafenion,24.3,L2169
718,01/10/2014,Nationwide Refinery,1552.82,L9633
719,01/10/2014,Stewart and Sons Fabrication,4074.1,L9633
720,01/10/2014,Carlyle Chemical Inc.,3489.36,L8477
721,01/10/2014,Katerina�s Caf�,24.33,L9637
722,01/10/2014,Abila Zacharo,36.73,L8012
723,01/10/2014,Hallowed Grounds,11.49,L8012
724,01/10/2014,Jack's Magical Beans,16.29,L3288
725,01/10/2014,Kalami Kafenion,101.5,L3288
726,01/10/2014,Abila Zacharo,16.12,L7814
727,01/10/2014,Brew've Been Served,13.32,L3259
728,01/10/2014,Katerina�s Caf�,15.76,L3259
729,01/10/2014,Ouzeri Elian,20.46,L3259
730,01/10/2014,Coffee Cameleon,11.54,L3295
731,01/10/2014,Gelatogalore,39.4,L3295
732,01/10/2014,Katerina�s Caf�,21.89,L3295
733,01/10/2014,Brew've Been Served,5.31,L9363
734,01/10/2014,Guy's Gyros,29.81,L9363
735,01/10/2014,Hippokampos,39.89,L9363
736,01/10/2014,Guy's Gyros,36.44,L5224
737,01/10/2014,Jack's Magical Beans,5.46,L5224
738,01/10/2014,Chostus Hotel,113.25,L7291
739,01/10/2014,Brew've Been Served,17.25,L8566
740,01/10/2014,Guy's Gyros,27.78,L8566
741,01/10/2014,Hippokampos,39.26,L8566
742,01/10/2014,Octavio's Office Supplies,139.72,L8566
743,01/10/2014,Brew've Been Served,10.72,L9254
744,01/10/2014,Katerina�s Caf�,25.36,L9254
745,01/10/2014,Hippokampos,32.01,L6886
746,01/10/2014,Hippokampos,39.97,L6886
747,01/11/2014,Hippokampos,70.23,L7783
748,01/11/2014,Hippokampos,67.37,L3191
749,01/11/2014,Frydos Autosupply n' More,52.73,L4164
750,01/11/2014,Hippokampos,66.21,L4164
751,01/11/2014,Hippokampos,20.87,L4164
752,01/11/2014,Ouzeri Elian,69.36,L6267
753,01/11/2014,Katerina�s Caf�,29.17,L1682
754,01/11/2014,Abila Zacharo,89.54,L5947
755,01/11/2014,Katerina�s Caf�,57.36,L5947
756,01/11/2014,Katerina�s Caf�,12.55,L6119
757,01/11/2014,Hippokampos,63.21,L2070
758,01/11/2014,Katerina�s Caf�,23.45,L4149
759,01/11/2014,Kalami Kafenion,39.36,L6544
760,01/11/2014,Katerina�s Caf�,17.6,L4424
761,01/11/2014,Kalami Kafenion,23.86,L5259
762,01/11/2014,Guy's Gyros,33.65,L3800
763,01/11/2014,Gelatogalore,17.31,L5553
764,01/11/2014,Katerina�s Caf�,55.67,L5553
765,01/11/2014,Katerina�s Caf�,29.1,L3366
766,01/11/2014,Guy's Gyros,55.69,L8148
767,01/11/2014,Katerina�s Caf�,71.65,L2490
768,01/11/2014,Albert's Fine Clothing,211.47,L2169
769,01/11/2014,Hippokampos,23.38,L2169
770,01/11/2014,Katerina�s Caf�,26.02,L9637
771,01/11/2014,Katerina�s Caf�,33.18,L9637
772,01/11/2014,Abila Zacharo,54.82,L8012
773,01/11/2014,Katerina�s Caf�,45.68,L8012
774,01/11/2014,Kalami Kafenion,50.2,L3288
775,01/11/2014,Katerina�s Caf�,27.46,L7814
776,01/11/2014,Katerina�s Caf�,9.78,L3259
777,01/11/2014,Abila Zacharo,45.2,L9363
778,01/11/2014,Frydos Autosupply n' More,261.0,L9363
779,01/11/2014,Albert's Fine Clothing,105.33,L5224
780,01/11/2014,Katerina�s Caf�,45.22,L5224
781,01/11/2014,Ahaggo Museum,32.14,L7291
782,01/11/2014,Hippokampos,32.63,L7291
783,01/11/2014,Ahaggo Museum,89.32,L8566
784,01/11/2014,Hippokampos,63.21,L8566
785,01/11/2014,Guy's Gyros,16.33,L9254
786,01/12/2014,Hippokampos,31.99,L5777
787,01/12/2014,Hippokampos,66.63,L7783
788,01/12/2014,Hippokampos,78.21,L3191
789,01/12/2014,Desafio Golf Course,160.77,L4164
790,01/12/2014,Hippokampos,63.32,L4164
791,01/12/2014,Ouzeri Elian,55.55,L6267
792,01/12/2014,Katerina�s Caf�,11.81,L1682
793,01/12/2014,Guy's Gyros,34.41,L1485
794,01/12/2014,Hippokampos,29.41,L5947
795,01/12/2014,Kalami Kafenion,26.04,L5947
796,01/12/2014,Hippokampos,8.54,L6119
797,01/12/2014,Katerina�s Caf�,12.64,L6119
798,01/12/2014,Albert's Fine Clothing,63.36,L3014
799,01/12/2014,Desafio Golf Course,198.46,L2070
800,01/12/2014,Hippokampos,26.79,L2070
801,01/12/2014,Ouzeri Elian,38.55,L2070
802,01/12/2014,Hippokampos,27.15,L4149
803,01/12/2014,Guy's Gyros,42.32,L6544
804,01/12/2014,Hippokampos,12.57,L4424
805,01/12/2014,Katerina�s Caf�,27.09,L4424
806,01/12/2014,Ouzeri Elian,24.72,L5259
807,01/12/2014,Shoppers' Delight,204.37,L5259
808,01/12/2014,Shoppers' Delight,211.03,L3800
809,01/12/2014,Hippokampos,49.23,L3366
810,01/12/2014,Kronos Mart,159.06,L8148
811,01/12/2014,Shoppers' Delight,86.22,L3572
812,01/12/2014,Guy's Gyros,42.78,L2490
813,01/12/2014,Albert's Fine Clothing,195.81,L9637
814,01/12/2014,Hippokampos,12.55,L9637
815,01/12/2014,Ouzeri Elian,72.32,L8012
816,01/12/2014,Shoppers' Delight,135.78,L8012
817,01/12/2014,Gelatogalore,36.2,L3288
818,01/12/2014,Kalami Kafenion,14.59,L7814
819,01/12/2014,Katerina�s Caf�,15.37,L3259
820,01/12/2014,Katerina�s Caf�,34.1,L9362
821,01/12/2014,Katerina�s Caf�,67.14,L9362
822,01/12/2014,Shoppers' Delight,51.5,L9362
823,01/12/2014,Ahaggo Museum,120.2,L9363
824,01/12/2014,Guy's Gyros,34.74,L9363
825,01/12/2014,Hippokampos,52.21,L5224
826,01/12/2014,Ouzeri Elian,117.22,L5224
827,01/12/2014,Abila Zacharo,11.2,L7291
828,01/12/2014,Desafio Golf Course,129.33,L6886
829,01/13/2014,Hallowed Grounds,14.11,L5777
830,01/13/2014,Hippokampos,30.51,L5777
831,01/13/2014,Ouzeri Elian,28.75,L5777
832,01/13/2014,Bean There Done That,7.93,L7783
833,01/13/2014,Gelatogalore,36.93,L7783
834,01/13/2014,Hippokampos,31.59,L7783
835,01/13/2014,Abila Zacharo,11.99,L3191
836,01/13/2014,Bean There Done That,18.02,L3191
837,01/13/2014,Abila Zacharo,36.14,L4164
838,01/13/2014,Albert's Fine Clothing,288.0,L4164
839,01/13/2014,Brewed Awakenings,12.69,L4164
840,01/13/2014,Jack's Magical Beans,18.31,L6267
841,01/13/2014,Katerina�s Caf�,26.15,L6267
842,01/13/2014,Coffee Cameleon,4.88,L1682
843,01/13/2014,Hippokampos,35.73,L1682
844,01/13/2014,Abila Zacharo,36.32,L1485
845,01/13/2014,Brew've Been Served,12.8,L1485
846,01/13/2014,Shoppers' Delight,216.43,L1485
847,01/13/2014,Brewed Awakenings,16.4,L5947
848,01/13/2014,Guy's Gyros,27.49,L5947
849,01/13/2014,Hallowed Grounds,9.16,L6119
850,01/13/2014,Katerina�s Caf�,37.88,L6119
851,01/13/2014,Katerina�s Caf�,15.82,L6119
852,01/13/2014,Bean There Done That,19.56,L3014
853,01/13/2014,Ouzeri Elian,29.75,L3014
854,01/13/2014,Brewed Awakenings,16.25,L2070
855,01/13/2014,Gelatogalore,26.45,L2070
856,01/13/2014,Hippokampos,31.47,L2070
857,01/13/2014,Abila Zacharo,27.3,L4149
858,01/13/2014,Albert's Fine Clothing,49.48,L4149
859,01/13/2014,Bean There Done That,5.54,L4149
860,01/13/2014,Guy's Gyros,33.48,L6544
861,01/13/2014,Guy's Gyros,37.5,L6544
862,01/13/2014,Hallowed Grounds,19.18,L6544
863,01/13/2014,Bean There Done That,10.37,L4424
864,01/13/2014,Katerina�s Caf�,8.29,L4424
865,01/13/2014,Katerina�s Caf�,27.59,L4424
866,01/13/2014,Abila Zacharo,17.41,L5259
867,01/13/2014,Brew've Been Served,6.69,L5259
868,01/13/2014,Guy's Gyros,15.84,L5259
869,01/13/2014,Brew've Been Served,8.04,L3800
870,01/13/2014,Guy's Gyros,36.89,L3800
871,01/13/2014,Hippokampos,31.97,L3800
872,01/13/2014,Bean There Done That,15.24,L5553
873,01/13/2014,Hippokampos,25.09,L5553
874,01/13/2014,Abila Zacharo,23.03,L3366
875,01/13/2014,Bean There Done That,18.59,L3366
876,01/13/2014,Abila Zacharo,39.95,L8148
877,01/13/2014,Brew've Been Served,4.18,L8148
878,01/13/2014,Carlyle Chemical Inc.,1718.96,L4063
879,01/13/2014,Abila Airport,3617.47,L4063
880,01/13/2014,Kronos Pipe and Irrigation,2852.74,L4063
881,01/13/2014,Maximum Iron and Steel,689.85,L4063
882,01/13/2014,Ouzeri Elian,19.82,L4063
883,01/13/2014,Brew've Been Served,11.49,L3572
884,01/13/2014,Guy's Gyros,28.57,L3572
885,01/13/2014,Brew've Been Served,18.23,L2490
886,01/13/2014,Abila Airport,4417.03,L2769
887,01/13/2014,Abila Airport,2228.08,L2769
888,01/13/2014,Brew've Been Served,16.05,L2169
889,01/13/2014,Frydos Autosupply n' More,87.57,L2169
890,01/13/2014,Hippokampos,17.17,L2169
891,01/13/2014,Nationwide Refinery,204.58,L9633
892,01/13/2014,Stewart and Sons Fabrication,4071.95,L9633
893,01/13/2014,Coffee Cameleon,17.76,L9637
894,01/13/2014,Guy's Gyros,37.37,L9637
895,01/13/2014,Katerina�s Caf�,35.7,L9637
896,01/13/2014,Katerina�s Caf�,11.36,L8012
897,01/13/2014,Ouzeri Elian,8.32,L8012
898,01/13/2014,Abila Zacharo,64.5,L3288
899,01/13/2014,Jack's Magical Beans,5.22,L3288
900,01/13/2014,Hallowed Grounds,13.68,L7814
901,01/13/2014,Katerina�s Caf�,24.26,L7814
902,01/13/2014,Hallowed Grounds,5.85,L3259
903,01/13/2014,Katerina�s Caf�,33.11,L3259
904,01/13/2014,Coffee Cameleon,19.93,L9362
905,01/13/2014,Katerina�s Caf�,29.55,L9362
906,01/13/2014,Katerina�s Caf�,29.83,L9362
907,01/13/2014,Guy's Gyros,12.76,L9363
908,01/13/2014,Shoppers' Delight,144.4,L9363
909,01/13/2014,Gelatogalore,32.83,L5224
910,01/13/2014,Hippokampos,39.63,L5224
911,01/13/2014,Jack's Magical Beans,9.64,L5224
912,01/13/2014,Abila Zacharo,8.72,L7291
913,01/13/2014,Brew've Been Served,8.0,L7291
914,01/13/2014,Brew've Been Served,18.71,L8566
915,01/13/2014,Guy's Gyros,20.47,L8566
916,01/13/2014,Ouzeri Elian,35.03,L8566
917,01/13/2014,Brew've Been Served,19.64,L9254
918,01/13/2014,Guy's Gyros,22.34,L9254
919,01/13/2014,Hippokampos,39.9,L9254
920,01/13/2014,Guy's Gyros,29.25,L6886
921,01/13/2014,Hippokampos,29.22,L6886
922,01/13/2014,Jack's Magical Beans,17.52,L6886
923,01/14/2014,Kalami Kafenion,16.84,L5777
924,01/14/2014,Ouzeri Elian,15.94,L5777
925,01/14/2014,Bean There Done That,7.28,L7783
926,01/14/2014,Hippokampos,39.64,L7783
927,01/14/2014,Albert's Fine Clothing,228.72,L3191
928,01/14/2014,Bean There Done That,19.37,L3191
929,01/14/2014,Kalami Kafenion,17.38,L3191
930,01/14/2014,Brewed Awakenings,17.14,L4164
931,01/14/2014,Jack's Magical Beans,13.32,L6267
932,01/14/2014,Ouzeri Elian,11.86,L6267
933,01/14/2014,Coffee Cameleon,15.63,L1682
934,01/14/2014,Hippokampos,36.01,L1682
935,01/14/2014,Brew've Been Served,6.45,L1485
936,01/14/2014,Hippokampos,19.07,L1485
937,01/14/2014,Brewed Awakenings,8.3,L5947
938,01/14/2014,Chostus Hotel,109.54,L5947
939,01/14/2014,Hippokampos,22.13,L5947
940,01/14/2014,Hallowed Grounds,10.75,L6119
941,01/14/2014,Hippokampos,18.81,L6119
942,01/14/2014,Katerina�s Caf�,31.8,L6119
943,01/14/2014,Gelatogalore,10.98,L3014
944,01/14/2014,Hippokampos,10.71,L3014
945,01/14/2014,Brewed Awakenings,11.35,L2070
946,01/14/2014,Hippokampos,23.56,L2070
947,01/14/2014,Kalami Kafenion,15.15,L2070
948,01/14/2014,Bean There Done That,7.82,L4149
949,01/14/2014,Kalami Kafenion,15.27,L4149
950,01/14/2014,Guy's Gyros,34.26,L6544
951,01/14/2014,Hallowed Grounds,13.0,L6544
952,01/14/2014,Ouzeri Elian,22.3,L6544
953,01/14/2014,Guy's Gyros,16.35,L4424
954,01/14/2014,Hallowed Grounds,19.99,L4424
955,01/14/2014,Katerina�s Caf�,12.65,L4424
956,01/14/2014,Brew've Been Served,11.94,L5259
957,01/14/2014,Guy's Gyros,25.28,L5259
958,01/14/2014,Katerina�s Caf�,33.54,L5259
959,01/14/2014,Brew've Been Served,8.24,L3800
960,01/14/2014,Gelatogalore,27.26,L3800
961,01/14/2014,Guy's Gyros,12.96,L3800
962,01/14/2014,Guy's Gyros,38.26,L5553
963,01/14/2014,Hallowed Grounds,10.21,L5553
964,01/14/2014,Katerina�s Caf�,18.35,L5553
965,01/14/2014,Bean There Done That,5.9,L3366
966,01/14/2014,Katerina�s Caf�,10.03,L3366
967,01/14/2014,Abila Zacharo,8.41,L8148
968,01/14/2014,Brew've Been Served,3.66,L8148
969,01/14/2014,Abila Airport,2369.56,L7761
970,01/14/2014,Nationwide Refinery,1301.01,L7761
971,01/14/2014,Stewart and Sons Fabrication,540.19,L7761
972,01/14/2014,Brew've Been Served,3.21,L3572
973,01/14/2014,Albert's Fine Clothing,50.77,L2490
974,01/14/2014,Brew've Been Served,10.96,L2490
975,01/14/2014,Ouzeri Elian,27.32,L2490
976,01/14/2014,Abila Airport,228.41,L2769
977,01/14/2014,Abila Airport,4898.39,L2769
978,01/14/2014,Abila Zacharo,24.87,L2169
979,01/14/2014,Brewed Awakenings,12.74,L2169
980,01/14/2014,Frydos Autosupply n' More,42.72,L2169
981,01/14/2014,Carlyle Chemical Inc.,3630.57,L5756
982,01/14/2014,Carlyle Chemical Inc.,794.88,L5756
983,01/14/2014,Carlyle Chemical Inc.,3470.99,L5756
984,01/14/2014,Nationwide Refinery,570.95,L5756
985,01/14/2014,Nationwide Refinery,965.72,L9633
986,01/14/2014,Stewart and Sons Fabrication,278.52,L9633
987,01/14/2014,Coffee Cameleon,7.84,L9637
988,01/14/2014,Abila Zacharo,10.24,L8012
989,01/14/2014,Hallowed Grounds,4.59,L8012
990,01/14/2014,Guy's Gyros,50.4,L3288
991,01/14/2014,Jack's Magical Beans,3.36,L3288
992,01/14/2014,Kalami Kafenion,23.1,L7814
993,01/14/2014,Katerina�s Caf�,11.89,L7814
994,01/14/2014,Abila Zacharo,15.26,L3259
995,01/14/2014,Brew've Been Served,16.53,L3259
996,01/14/2014,Roberts and Sons,203.81,L3259
997,01/14/2014,Coffee Cameleon,9.8,L9362
998,01/14/2014,Katerina�s Caf�,15.46,L9362
999,01/14/2014,Katerina�s Caf�,36.95,L9362
1000,01/14/2014,Brew've Been Served,12.31,L9363
1001,01/14/2014,Frydos Autosupply n' More,146.74,L9363
1002,01/14/2014,Hippokampos,17.18,L9363
1003,01/14/2014,Abila Scrapyard,4277.4,L3317
1004,01/14/2014,Abila Airport,3339.21,L3317
1005,01/14/2014,Nationwide Refinery,4429.76,L3317
1006,01/14/2014,Jack's Magical Beans,15.7,L5224
1007,01/14/2014,Katerina�s Caf�,29.12,L5224
1008,01/14/2014,Brew've Been Served,5.87,L7291
1009,01/14/2014,Chostus Hotel,113.08,L7291
1010,01/14/2014,Brew've Been Served,4.72,L8566
1011,01/14/2014,Guy's Gyros,23.59,L8566
1012,01/14/2014,Katerina�s Caf�,29.1,L8566
1013,01/14/2014,Brew've Been Served,7.31,L9254
1014,01/14/2014,Guy's Gyros,26.14,L9254
1015,01/14/2014,Katerina�s Caf�,20.95,L9254
1016,01/14/2014,Gelatogalore,39.17,L6886
1017,01/14/2014,Hippokampos,9.55,L6886
1018,01/14/2014,Jack's Magical Beans,18.08,L6886
1019,01/15/2014,Hallowed Grounds,15.86,L5777
1020,01/15/2014,Ouzeri Elian,24.81,L5777
1021,01/15/2014,Ouzeri Elian,32.95,L5777
1022,01/15/2014,Guy's Gyros,14.37,L7783
1023,01/15/2014,Abila Zacharo,8.83,L3191
1024,01/15/2014,Bean There Done That,5.34,L3191
1025,01/15/2014,Hippokampos,35.12,L3191
1026,01/15/2014,Abila Zacharo,23.51,L4164
1027,01/15/2014,Brewed Awakenings,15.75,L4164
1028,01/15/2014,Hippokampos,13.0,L6267
1029,01/15/2014,Ouzeri Elian,23.18,L6267
1030,01/15/2014,Coffee Cameleon,5.49,L1682
1031,01/15/2014,Katerina�s Caf�,13.77,L1682
1032,01/15/2014,Ouzeri Elian,8.93,L1682
1033,01/15/2014,Brew've Been Served,15.58,L1485
1034,01/15/2014,Gelatogalore,31.21,L1485
1035,01/15/2014,Guy's Gyros,21.43,L1485
1036,01/15/2014,Brewed Awakenings,11.62,L5947
1037,01/15/2014,Frydos Autosupply n' More,18.91,L5947
1038,01/15/2014,Hippokampos,22.61,L5947
1039,01/15/2014,Abila Zacharo,31.0,L6119
1040,01/15/2014,Bean There Done That,13.13,L3014
1041,01/15/2014,Hippokampos,32.4,L3014
1042,01/15/2014,Hippokampos,16.37,L3014
1043,01/15/2014,Brewed Awakenings,3.62,L2070
1044,01/15/2014,Hippokampos,36.7,L2070
1045,01/15/2014,Shoppers' Delight,102.0,L2070
1046,01/15/2014,Bean There Done That,18.96,L4149
1047,01/15/2014,Hippokampos,10.35,L4149
1048,01/15/2014,Ouzeri Elian,36.47,L4149
1049,01/15/2014,Hallowed Grounds,12.17,L6544
1050,01/15/2014,Kronos Mart,258.83,L6544
1051,01/15/2014,Ouzeri Elian,22.86,L6544
1052,01/15/2014,Kalami Kafenion,26.17,L4424
1053,01/15/2014,Brew've Been Served,6.58,L5259
1054,01/15/2014,Gelatogalore,39.4,L5259
1055,01/15/2014,General Grocer,106.2,L5259
1056,01/15/2014,Brew've Been Served,3.71,L3800
1057,01/15/2014,Guy's Gyros,25.58,L5553
1058,01/15/2014,Hallowed Grounds,5.28,L5553
1059,01/15/2014,Katerina�s Caf�,11.45,L5553
1060,01/15/2014,Bean There Done That,15.24,L3366
1061,01/15/2014,Hippokampos,21.14,L3366
1062,01/15/2014,Kalami Kafenion,27.86,L3366
1063,01/15/2014,Brew've Been Served,15.5,L8148
1064,01/15/2014,Guy's Gyros,36.35,L8148
1065,01/15/2014,Brew've Been Served,11.23,L3572
1066,01/15/2014,Guy's Gyros,27.01,L3572
1067,01/15/2014,Brew've Been Served,14.06,L2490
1068,01/15/2014,Guy's Gyros,18.04,L2490
1069,01/15/2014,Ouzeri Elian,12.9,L2490
1070,01/15/2014,Abila Airport,3152.41,L2769
1071,01/15/2014,Abila Airport,875.87,L2769
1072,01/15/2014,Brew've Been Served,9.7,L2169
1073,01/15/2014,Guy's Gyros,31.04,L2169
1074,01/15/2014,Hippokampos,38.23,L2169
1075,01/15/2014,Stewart and Sons Fabrication,4485.38,L5485
1076,01/15/2014,Carlyle Chemical Inc.,3608.08,L5756
1077,01/15/2014,Carlyle Chemical Inc.,1112.04,L5756
1078,01/15/2014,Carlyle Chemical Inc.,1392.73,L5756
1079,01/15/2014,Katerina�s Caf�,24.15,L5756
1080,01/15/2014,Nationwide Refinery,3004.98,L5756
1081,01/15/2014,Nationwide Refinery,1391.24,L9633
1082,01/15/2014,Kronos Pipe and Irrigation,2564.0,L8477
1083,01/15/2014,Maximum Iron and Steel,4788.22,L8477
1084,01/15/2014,Coffee Cameleon,19.93,L9637
1085,01/15/2014,Guy's Gyros,15.89,L9637
1086,01/15/2014,Katerina�s Caf�,12.12,L8012
1087,01/15/2014,Katerina�s Caf�,39.63,L8012
1088,01/15/2014,Jack's Magical Beans,5.3,L3288
1089,01/15/2014,Katerina�s Caf�,55.6,L3288
1090,01/15/2014,Ouzeri Elian,28.86,L3288
1091,01/15/2014,Abila Zacharo,24.53,L7814
1092,01/15/2014,Hallowed Grounds,14.33,L7814
1093,01/15/2014,Katerina�s Caf�,39.23,L7814
1094,01/15/2014,Brew've Been Served,11.47,L3259
1095,01/15/2014,Abila Zacharo,33.8,L9362
1096,01/15/2014,Coffee Cameleon,14.47,L9362
1097,01/15/2014,Katerina�s Caf�,27.48,L9362
1098,01/15/2014,Brew've Been Served,18.58,L9363
1099,01/15/2014,Kalami Kafenion,28.82,L9363
1100,01/15/2014,Hippokampos,37.16,L5224
1101,01/15/2014,Jack's Magical Beans,4.06,L5224
1102,01/15/2014,Kalami Kafenion,22.39,L5224
1103,01/15/2014,Brew've Been Served,19.87,L7291
1104,01/15/2014,Frydos Autosupply n' More,235.27,L7291
1105,01/15/2014,Hippokampos,38.89,L7291
1106,01/15/2014,Brew've Been Served,4.92,L8566
1107,01/15/2014,General Grocer,137.65,L8566
1108,01/15/2014,Guy's Gyros,19.8,L8566
1109,01/15/2014,Guy's Gyros,29.34,L9254
1110,01/15/2014,Guy's Gyros,28.75,L9254
1111,01/15/2014,Gelatogalore,9.61,L6886
1112,01/15/2014,General Grocer,83.11,L6886
1113,01/15/2014,Jack's Magical Beans,19.54,L6886
1114,01/16/2014,Guy's Gyros,10.27,L5777
1115,01/16/2014,Hallowed Grounds,12.19,L5777
1116,01/16/2014,Ouzeri Elian,9.91,L5777
1117,01/16/2014,Bean There Done That,19.82,L7783
1118,01/16/2014,Hippokampos,31.14,L7783
1119,01/16/2014,Kronos Mart,286.24,L7783
1120,01/16/2014,Bean There Done That,12.33,L3191
1121,01/16/2014,Hippokampos,10.55,L3191
1122,01/16/2014,Kalami Kafenion,31.38,L3191
1123,01/16/2014,Hippokampos,20.84,L4164
1124,01/16/2014,Katerina�s Caf�,27.82,L4164
1125,01/16/2014,Hippokampos,36.17,L6267
1126,01/16/2014,Jack's Magical Beans,9.12,L6267
1127,01/16/2014,Ouzeri Elian,23.89,L6267
1128,01/16/2014,Coffee Cameleon,5.2,L1682
1129,01/16/2014,Hippokampos,16.53,L1682
1130,01/16/2014,Katerina�s Caf�,36.32,L1682
1131,01/16/2014,Brew've Been Served,5.82,L1485
1132,01/16/2014,Ouzeri Elian,12.47,L1485
1133,01/16/2014,Brewed Awakenings,6.53,L5947
1134,01/16/2014,Hippokampos,10.38,L5947
1135,01/16/2014,Guy's Gyros,31.48,L6119
1136,01/16/2014,Hallowed Grounds,13.84,L6119
1137,01/16/2014,Katerina�s Caf�,10.93,L6119
1138,01/16/2014,Bean There Done That,5.56,L3014
1139,01/16/2014,Guy's Gyros,32.8,L3014
1140,01/16/2014,Shoppers' Delight,100.69,L3014
1141,01/16/2014,Brewed Awakenings,6.39,L2070
1142,01/16/2014,Hippokampos,17.66,L2070
1143,01/16/2014,Hippokampos,14.89,L4149
1144,01/16/2014,Hippokampos,29.13,L4149
1145,01/16/2014,Guy's Gyros,11.31,L6544
1146,01/16/2014,Hallowed Grounds,18.2,L6544
1147,01/16/2014,Frydos Autosupply n' More,53.37,L4424
1148,01/16/2014,Gelatogalore,32.4,L4424
1149,01/16/2014,Hallowed Grounds,7.22,L4424
1150,01/16/2014,Albert's Fine Clothing,91.71,L5259
1151,01/16/2014,Brew've Been Served,16.9,L5259
1152,01/16/2014,Guy's Gyros,29.7,L5259
1153,01/16/2014,Brew've Been Served,7.31,L3800
1154,01/16/2014,Guy's Gyros,25.57,L3800
1155,01/16/2014,Kalami Kafenion,8.86,L3800
1156,01/16/2014,Hallowed Grounds,4.98,L5553
1157,01/16/2014,Hippokampos,29.93,L5553
1158,01/16/2014,Katerina�s Caf�,13.91,L5553
1159,01/16/2014,Bean There Done That,17.4,L3366
1160,01/16/2014,Hippokampos,34.0,L3366
1161,01/16/2014,Kalami Kafenion,26.32,L3366
1162,01/16/2014,Brew've Been Served,12.83,L8148
1163,01/16/2014,Guy's Gyros,13.48,L8148
1164,01/16/2014,Guy's Gyros,30.76,L8148
1165,01/16/2014,Abila Airport,1676.53,L7761
1166,01/16/2014,Nationwide Refinery,2047.28,L7761
1167,01/16/2014,Stewart and Sons Fabrication,860.3,L7761
1168,01/16/2014,Brew've Been Served,12.67,L3572
1169,01/16/2014,Shoppers' Delight,16.84,L3572
1170,01/16/2014,Brew've Been Served,19.9,L2490
1171,01/16/2014,Guy's Gyros,8.31,L2490
1172,01/16/2014,Katerina�s Caf�,34.02,L2490
1173,01/16/2014,Abila Airport,3917.3,L2769
1174,01/16/2014,Abila Airport,3032.97,L2769
1175,01/16/2014,Brew've Been Served,17.44,L2169
1176,01/16/2014,Gelatogalore,10.62,L2169
1177,01/16/2014,Roberts and Sons,155.76,L2169
1178,01/16/2014,Carlyle Chemical Inc.,419.93,L5756
1179,01/16/2014,Carlyle Chemical Inc.,1814.24,L5756
1180,01/16/2014,Katerina�s Caf�,34.9,L5756
1181,01/16/2014,Nationwide Refinery,4742.67,L5756
1182,01/16/2014,Nationwide Refinery,1494.44,L9633
1183,01/16/2014,Stewart and Sons Fabrication,4543.31,L9633
1184,01/16/2014,Katerina�s Caf�,19.44,L9637
1185,01/16/2014,Abila Zacharo,64.71,L3288
1186,01/16/2014,Jack's Magical Beans,14.86,L3288
1187,01/16/2014,Ouzeri Elian,29.99,L3288
1188,01/16/2014,Hallowed Grounds,17.74,L7814
1189,01/16/2014,Kalami Kafenion,11.83,L7814
1190,01/16/2014,Katerina�s Caf�,34.58,L7814
1191,01/16/2014,Gelatogalore,22.19,L3259
1192,01/16/2014,Hallowed Grounds,12.61,L3259
1193,01/16/2014,Katerina�s Caf�,10.84,L3259
1194,01/16/2014,Abila Zacharo,31.31,L9362
1195,01/16/2014,Coffee Cameleon,7.19,L9362
1196,01/16/2014,Katerina�s Caf�,14.34,L9362
1197,01/16/2014,Abila Zacharo,8.43,L9363
1198,01/16/2014,Guy's Gyros,28.27,L9363
1199,01/16/2014,Abila Scrapyard,1897.05,L3317
1200,01/16/2014,Abila Airport,3138.98,L3317
1201,01/16/2014,Jack's Magical Beans,12.56,L5224
1202,01/16/2014,Guy's Gyros,31.31,L7291
1203,01/16/2014,Katerina�s Caf�,11.08,L7291
1204,01/16/2014,Brew've Been Served,4.7,L8566
1205,01/16/2014,Guy's Gyros,37.8,L8566
1206,01/16/2014,Brew've Been Served,8.18,L9254
1207,01/16/2014,Hippokampos,18.18,L9254
1208,01/16/2014,Roberts and Sons,240.66,L9254
1209,01/16/2014,Gelatogalore,12.33,L6886
1210,01/16/2014,Jack's Magical Beans,6.95,L6886
1211,01/17/2014,Hallowed Grounds,9.4,L5777
1212,01/17/2014,Ouzeri Elian,35.81,L5777
1213,01/17/2014,Bean There Done That,19.67,L7783
1214,01/17/2014,Bean There Done That,8.21,L3191
1215,01/17/2014,Gelatogalore,23.23,L3191
1216,01/17/2014,Hippokampos,12.86,L3191
1217,01/17/2014,Brewed Awakenings,8.16,L4164
1218,01/17/2014,Guy's Gyros,8.64,L4164
1219,01/17/2014,Hippokampos,11.93,L4164
1220,01/17/2014,Jack's Magical Beans,7.57,L6267
1221,01/17/2014,Ouzeri Elian,38.6,L6267
1222,01/17/2014,Coffee Cameleon,6.81,L1682
1223,01/17/2014,Kalami Kafenion,140.78,L1682
1224,01/17/2014,Katerina�s Caf�,19.09,L1682
1225,01/17/2014,Brew've Been Served,3.09,L1485
1226,01/17/2014,Guy's Gyros,39.14,L1485
1227,01/17/2014,Guy's Gyros,8.54,L1485
1228,01/17/2014,Brewed Awakenings,8.69,L5947
1229,01/17/2014,Chostus Hotel,119.62,L5947
1230,01/17/2014,Hippokampos,8.92,L5947
1231,01/17/2014,Hallowed Grounds,14.58,L6119
1232,01/17/2014,Katerina�s Caf�,32.13,L6119
1233,01/17/2014,Bean There Done That,19.56,L3014
1234,01/17/2014,Hippokampos,10.14,L3014
1235,01/17/2014,Abila Zacharo,8.78,L2070
1236,01/17/2014,Brewed Awakenings,6.0,L2070
1237,01/17/2014,Hippokampos,14.93,L2070
1238,01/17/2014,Albert's Fine Clothing,1239.41,L4149
1239,01/17/2014,Bean There Done That,18.72,L4149
1240,01/17/2014,Katerina�s Caf�,13.11,L4149
1241,01/17/2014,General Grocer,78.03,L6544
1242,01/17/2014,Kalami Kafenion,27.73,L6544
1243,01/17/2014,Hallowed Grounds,18.6,L4424
1244,01/17/2014,Kalami Kafenion,20.02,L4424
1245,01/17/2014,Brew've Been Served,15.46,L5259
1246,01/17/2014,Gelatogalore,34.59,L5259
1247,01/17/2014,Guy's Gyros,8.31,L5259
1248,01/17/2014,Brew've Been Served,12.56,L3800
1249,01/17/2014,Shoppers' Delight,155.01,L3800
1250,01/17/2014,Hallowed Grounds,15.98,L5553
1251,01/17/2014,Hippokampos,28.35,L5553
1252,01/17/2014,Abila Zacharo,21.21,L3366
1253,01/17/2014,Bean There Done That,5.77,L3366
1254,01/17/2014,Coffee Cameleon,9.16,L8148
1255,01/17/2014,Guy's Gyros,19.68,L8148
1256,01/17/2014,Hippokampos,15.77,L8148
1257,01/17/2014,Brew've Been Served,11.04,L3572
1258,01/17/2014,Shoppers' Delight,269.33,L3572
1259,01/17/2014,Brew've Been Served,13.66,L2490
1260,01/17/2014,Guy's Gyros,22.18,L2490
1261,01/17/2014,Guy's Gyros,37.55,L2490
1262,01/17/2014,Guy's Gyros,15.4,L2169
1263,01/17/2014,Katerina�s Caf�,35.52,L2169
1264,01/17/2014,Stewart and Sons Fabrication,1753.17,L9633
1265,01/17/2014,Abila Zacharo,14.51,L9637
1266,01/17/2014,Coffee Cameleon,14.57,L9637
1267,01/17/2014,Katerina�s Caf�,38.21,L9637
1268,01/17/2014,Hallowed Grounds,3.25,L8012
1269,01/17/2014,Katerina�s Caf�,21.22,L8012
1270,01/17/2014,Hippokampos,52.31,L3288
1271,01/17/2014,Jack's Magical Beans,19.11,L3288
1272,01/17/2014,Ouzeri Elian,10.21,L3288
1273,01/17/2014,Gelatogalore,21.62,L7814
1274,01/17/2014,Hallowed Grounds,18.22,L7814
1275,01/17/2014,Katerina�s Caf�,22.18,L7814
1276,01/17/2014,Brew've Been Served,16.62,L3259
1277,01/17/2014,Katerina�s Caf�,27.49,L3259
1278,01/17/2014,Coffee Cameleon,10.27,L9362
1279,01/17/2014,Katerina�s Caf�,21.01,L9362
1280,01/17/2014,Brew've Been Served,5.29,L9363
1281,01/17/2014,Guy's Gyros,16.83,L9363
1282,01/17/2014,Abila Zacharo,15.95,L2459
1283,01/17/2014,Hallowed Grounds,9.72,L2459
1284,01/17/2014,Gelatogalore,15.84,L5224
1285,01/17/2014,Brew've Been Served,12.3,L7291
1286,01/17/2014,Chostus Hotel,114.22,L7291
1287,01/17/2014,Guy's Gyros,29.71,L7291
1288,01/17/2014,Brew've Been Served,19.39,L8566
1289,01/17/2014,Guy's Gyros,35.1,L8566
1290,01/17/2014,Hippokampos,14.57,L8566
1291,01/17/2014,Abila Zacharo,39.67,L9254
1292,01/17/2014,Brew've Been Served,10.52,L9254
1293,01/17/2014,Hippokampos,38.19,L6886
1294,01/17/2014,Kalami Kafenion,25.32,L6886
1295,01/18/2014,Abila Zacharo,16.59,L5777
1296,01/18/2014,Kronos Mart,194.51,L5777
1297,01/18/2014,Ouzeri Elian,21.56,L5777
1298,01/18/2014,Hippokampos,72.5,L7783
1299,01/18/2014,Frank's Fuel,52.66,L3191
1300,01/18/2014,Kalami Kafenion,11.14,L3191
1301,01/18/2014,Katerina�s Caf�,96.36,L4164
1302,01/18/2014,Ouzeri Elian,57.63,L6267
1303,01/18/2014,Abila Zacharo,18.45,L1682
1304,01/18/2014,Roberts and Sons,62.47,L1682
1305,01/18/2014,Kalami Kafenion,10.48,L1485
1306,01/18/2014,Katerina�s Caf�,9.72,L1485
1307,01/18/2014,Abila Zacharo,73.25,L5947
1308,01/18/2014,Roberts and Sons,239.65,L5947
1309,01/18/2014,Katerina�s Caf�,8.14,L6119
1310,01/18/2014,Frydos Autosupply n' More,103.55,L3014
1311,01/18/2014,Hippokampos,20.11,L3014
1312,01/18/2014,Hippokampos,63.21,L2070
1313,01/18/2014,Kalami Kafenion,42.36,L2070
1314,01/18/2014,Kronos Mart,150.36,L2070
1315,01/18/2014,Kalami Kafenion,24.14,L4149
1316,01/18/2014,Frydos Autosupply n' More,281.54,L4424
1317,01/18/2014,Guy's Gyros,27.4,L4424
1318,01/18/2014,Katerina�s Caf�,22.74,L4424
1319,01/18/2014,Katerina�s Caf�,37.21,L5259
1320,01/18/2014,Ahaggo Museum,120.2,L3800
1321,01/18/2014,Guy's Gyros,31.48,L3800
1322,01/18/2014,Guy's Gyros,47.89,L5553
1323,01/18/2014,Roberts and Sons,266.69,L5553
1324,01/18/2014,Albert's Fine Clothing,35.66,L3366
1325,01/18/2014,Hippokampos,27.21,L3366
1326,01/18/2014,Ouzeri Elian,33.57,L3366
1327,01/18/2014,Guy's Gyros,39.68,L2490
1328,01/18/2014,Katerina�s Caf�,19.3,L2490
1329,01/18/2014,Kronos Mart,87.66,L2490
1330,01/18/2014,Katerina�s Caf�,33.41,L2169
1331,01/18/2014,Katerina�s Caf�,33.63,L8012
1332,01/18/2014,Ahaggo Museum,55.55,L3288
1333,01/18/2014,Hippokampos,49.21,L3288
1334,01/18/2014,General Grocer,477.6,L9362
1335,01/18/2014,Katerina�s Caf�,76.1,L9362
1336,01/18/2014,Ouzeri Elian,53.36,L9362
1337,01/18/2014,General Grocer,108.49,L9363
1338,01/18/2014,Kalami Kafenion,53.36,L9363
1339,01/18/2014,Chostus Hotel,600.0,L2459
1340,01/18/2014,Katerina�s Caf�,14.22,L2459
1341,01/18/2014,Abila Zacharo,111.93,L5224
1342,01/18/2014,Albert's Fine Clothing,226.49,L5224
1343,01/18/2014,Shoppers' Delight,258.33,L5224
1344,01/18/2014,Abila Zacharo,21.29,L8566
1345,01/18/2014,Katerina�s Caf�,19.31,L9254
1346,01/18/2014,Frydos Autosupply n' More,120.67,L6886
1347,01/18/2014,Hippokampos,53.21,L6886
1348,01/18/2014,Kalami Kafenion,38.91,L6886
1349,01/19/2014,Hippokampos,78.96,L7783
1350,01/19/2014,Hippokampos,101.25,L3191
1351,01/19/2014,Desafio Golf Course,145.72,L4164
1352,01/19/2014,Ouzeri Elian,67.98,L6267
1353,01/19/2014,Guy's Gyros,20.94,L1485
1354,01/19/2014,Albert's Fine Clothing,254.29,L5947
1355,01/19/2014,Katerina�s Caf�,34.03,L6119
1356,01/19/2014,Hippokampos,11.56,L3014
1357,01/19/2014,Desafio Golf Course,190.91,L2070
1358,01/19/2014,Hippokampos,48.23,L2070
1359,01/19/2014,Guy's Gyros,36.87,L6544
1360,01/19/2014,Katerina�s Caf�,33.79,L4424
1361,01/19/2014,Guy's Gyros,65.21,L3800
1362,01/19/2014,Ouzeri Elian,45.32,L3800
1363,01/19/2014,Katerina�s Caf�,38.9,L5553
1364,01/19/2014,Gelatogalore,22.36,L3366
1365,01/19/2014,General Grocer,70.22,L3366
1366,01/19/2014,Hippokampos,46.32,L3366
1367,01/19/2014,Guy's Gyros,40.36,L8148
1368,01/19/2014,Frydos Autosupply n' More,56.09,L2490
1369,01/19/2014,Guy's Gyros,58.35,L2490
1370,01/19/2014,Ouzeri Elian,23.65,L2490
1371,01/19/2014,Guy's Gyros,31.94,L2169
1372,01/19/2014,Katerina�s Caf�,26.76,L2169
1373,01/19/2014,Albert's Fine Clothing,274.66,L9637
1374,01/19/2014,Shoppers' Delight,30.39,L9637
1375,01/19/2014,Ahaggo Museum,26.91,L3288
1376,01/19/2014,Guy's Gyros,23.21,L3288
1377,01/19/2014,Frydos Autosupply n' More,98.04,L3259
1378,01/19/2014,Katerina�s Caf�,12.25,L9362
1379,01/19/2014,Abila Zacharo,47.8,L9363
1380,01/19/2014,Guy's Gyros,39.6,L9363
1381,01/19/2014,Desafio Golf Course,148.22,L2459
1382,01/19/2014,Guy's Gyros,25.79,L2459
1383,01/19/2014,Desafio Golf Course,150.07,L5224
1384,01/19/2014,Hippokampos,45.32,L5224
1385,01/19/2014,Guy's Gyros,37.48,L7291
1386,01/19/2014,Frydos Autosupply n' More,209.76,L8566
1387,01/19/2014,Katerina�s Caf�,70.22,L8566
1388,01/19/2014,Guy's Gyros,18.08,L9254
1389,01/19/2014,Katerina�s Caf�,35.01,L9254
1390,01/19/2014,Desafio Golf Course,110.02,L6886
1391,01/19/2014,Hippokampos,63.17,L6886
